"","TAXON_ID","Sci_Name","COMMON_NAME","TaxaGroup","TAXON_TYPE","Extinction_Risk","FFG_Status","Sci_Name_Alt"
"1",11150,"Cercartetus nanus","Eastern Pygmy-possum","Mammals","Mammals","NotListed","NotListed","Cercartetus nanus"
"2",11152,"Cercartetus lepidus","Little Pygmy-possum","Mammals","Mammals","NotListed","NotListed","Cercartetus lepidus"
"3",13166,"Litoria aurea","Green and Golden Bell Frog","Amphibians","Amphibians","NotListed","NotListed","Litoria aurea"
"4",13204,"Litoria peronii","Peron's Tree Frog","Amphibians","Amphibians","NotListed","NotListed","Litoria peronii"
"5",13182,"Litoria ewingii","Southern Brown Tree Frog","Amphibians","Amphibians","NotListed","NotListed","Litoria ewingii"
"6",63906,"Litoria verreauxii verreauxii","Verreaux's Tree Frog","Amphibians","Amphibians","NotListed","NotListed","Litoria verreauxii"
"7",13192,"Litoria lesueuri","Lesueur's Frog","Amphibians","Amphibians","NotListed","NotListed","Litoria lesueurii"
"8",13203,"Litoria paraewingi","Plains Brown Tree Frog","Amphibians","Amphibians","NotListed","NotListed","Litoria paraewingi"
"9",13175,"Litoria citropa","Blue Mountains Tree Frog","Amphibians","Amphibians","NotListed","NotListed","Litoria citropa"
"10",10614,"Lichenostomus chrysops","Yellow-faced Honeyeater","Birds","Passerine birds","NotListed","NotListed","Caligavis chrysops"
"11",10625,"Lichenostomus penicillatus","White-plumed Honeyeater","Birds","Passerine birds","NotListed","NotListed","Ptilotula penicillata"
"12",10617,"Lichenostomus leucotis","White-eared Honeyeater","Birds","Passerine birds","NotListed","NotListed","Nesoptilotis leucotis"
"13",10619,"Lichenostomus melanops","Yellow-tufted Honeyeater","Birds","Passerine birds","NotListed","NotListed","Lichenostomus melanops"
"14",10608,"Lichenostomus virescens","Singing Honeyeater","Birds","Passerine birds","NotListed","NotListed","Gavicalis virescens"
"15",10622,"Lichenostomus ornatus","Yellow-plumed Honeyeater","Birds","Passerine birds","NotListed","NotListed","Ptilotula ornata"
"16",10613,"Lichenostomus fuscus","Fuscous Honeyeater","Birds","Passerine birds","NotListed","NotListed","Ptilotula fusca"
"17",10620,"Lichenostomus cratitius","Purple-gaped Honeyeater","Birds","Passerine birds","Victoria","Vulnerable","Lichenostomus cratitius"
"18",10486,"Acanthiza chrysorrhoa","Yellow-rumped Thornbill","Birds","Passerine birds","NotListed","NotListed","Acanthiza chrysorrhoa"
"19",10475,"Acanthiza pusilla","Brown Thornbill","Birds","Passerine birds","NotListed","NotListed","Acanthiza pusilla"
"20",10470,"Acanthiza lineata","Striated Thornbill","Birds","Passerine birds","NotListed","NotListed","Acanthiza lineata"
"21",10484,"Acanthiza reguloides","Buff-rumped Thornbill","Birds","Passerine birds","NotListed","NotListed","Acanthiza reguloides"
"22",10471,"Acanthiza nana","Yellow Thornbill","Birds","Passerine birds","NotListed","NotListed","Acanthiza nana"
"23",10481,"Acanthiza uropygialis","Chestnut-rumped Thornbill","Birds","Passerine birds","NotListed","NotListed","Acanthiza uropygialis"
"24",10163,"Calidris acuminata","Sharp-tailed Sandpiper","Birds","Waders","NotListed","NotListed","Calidris acuminata"
"25",10476,"Acanthiza apicalis","Inland Thornbill","Birds","Passerine birds","NotListed","NotListed","Acanthiza apicalis"
"26",10162,"Calidris ruficollis","Red-necked Stint","Birds","Waders","NotListed","NotListed","Calidris ruficollis"
"27",10978,"Calidris melanotos","Pectoral Sandpiper","Birds","Waders","NotListed","NotListed","Calidris melanotos"
"28",10161,"Calidris ferruginea","Curlew Sandpiper","Birds","Waders","Australia","Critically Endangered","Calidris ferruginea"
"29",10164,"Calidris canutus","Red Knot","Birds","Waders","Australia","Endangered","Calidris canutus"
"30",10166,"Calidris alba","Sanderling","Birds","Waders","NotListed","NotListed","Calidris alba"
"31",10965,"Calidris subminuta","Long-toed Stint","Birds","Waders","NotListed","NotListed","Calidris subminuta"
"32",13058,"Limnodynastes dumerilii","Southern Bullfrog (ssp. unknown)","Amphibians","Amphibians","NotListed","NotListed","Limnodynastes dumerilii"
"33",13063,"Limnodynastes tasmaniensis","Spotted Marsh Frog (race unknown)","Amphibians","Amphibians","NotListed","NotListed","Limnodynastes tasmaniensis"
"34",13061,"Limnodynastes peronii","Striped Marsh Frog","Amphibians","Amphibians","NotListed","NotListed","Limnodynastes peronii"
"35",12375,"Ctenotus robustus","Large Striped Skink","Reptiles","Reptiles","NotListed","NotListed","Ctenotus robustus"
"36",63913,"Limnodynastes dumerilii dumerilii","Pobblebonk Frog","Amphibians","Amphibians","NotListed","NotListed","Limnodynastes dumerilii"
"37",12936,"Ctenotus orientalis","Eastern Striped Skink","Reptiles","Reptiles","NotListed","NotListed","Ctenotus orientalis"
"38",12386,"Ctenotus taeniolatus","Copper-tailed Skink","Reptiles","Reptiles","NotListed","NotListed","Ctenotus taeniolatus"
"39",12374,"Ctenotus regius","Regal Striped Skink","Reptiles","Reptiles","NotListed","NotListed","Ctenotus regius"
"40",63914,"Limnodynastes dumerilii insularis","Pobblebonk Frog","Amphibians","Amphibians","NotListed","NotListed","Limnodynastes dumerilii"
"41",12342,"Ctenotus brachyonyx","Murray Striped Skink","Reptiles","Reptiles","NotListed","NotListed","Ctenotus brachyonyx"
"42",62933,"Ctenotus taeniatus","Brooks's Striped Skink","Reptiles","Reptiles","NotListed","NotListed","Ctenotus taeniatus"
"43",63915,"Limnodynastes dumerilii variegatus","Pobblebonk Frog","Amphibians","Amphibians","NotListed","NotListed","Limnodynastes dumerilii"
"44",10239,"Falco berigora","Brown Falcon","Birds","Other Non-passerine birds","NotListed","NotListed","Falco berigora"
"45",10240,"Falco cenchroides","Nankeen Kestrel","Birds","Other Non-passerine birds","NotListed","NotListed","Falco cenchroides"
"46",10237,"Falco peregrinus","Peregrine Falcon","Birds","Other Non-passerine birds","NotListed","NotListed","Falco peregrinus"
"47",10235,"Falco longipennis","Australian Hobby","Birds","Other Non-passerine birds","NotListed","NotListed","Falco longipennis"
"48",10238,"Falco subniger","Black Falcon","Birds","Other Non-passerine birds","Victoria","Critically Endangered","Falco subniger"
"49",12994,"Pseudemoia entrecasteauxii","Southern Grass Skink","Reptiles","Reptiles","NotListed","NotListed","Pseudemoia entrecasteauxii"
"50",12541,"Pseudemoia spenceri","Spencer's Skink","Reptiles","Reptiles","NotListed","NotListed","Pseudemoia spenceri"
"51",12948,"Pseudemoia form cryodoma/pagenstecheri","Grass skink FORM (P.pag/cry)","Reptiles","Reptiles","NotListed","NotListed","Pseudemoia cryodoma"
"52",10401,"Pachycephala rufiventris","Rufous Whistler","Birds","Passerine birds","NotListed","NotListed","Pachycephala rufiventris"
"53",10398,"Pachycephala pectoralis","Golden Whistler","Birds","Passerine birds","NotListed","NotListed","Pachycephala pectoralis"
"54",10380,"Petroica boodang","Scarlet Robin","Birds","Passerine birds","NotListed","NotListed","Petroica boodang"
"55",11265,"Macropus giganteus","Eastern Grey Kangaroo","Mammals","Mammals","NotListed","NotListed","Macropus giganteus"
"56",10382,"Petroica phoenicea","Flame Robin","Birds","Passerine birds","NotListed","NotListed","Petroica phoenicea"
"57",10547,"Artamus cyanopterus","Dusky Woodswallow","Birds","Passerine birds","NotListed","NotListed","Artamus cyanopterus"
"58",10381,"Petroica goodenovii","Red-capped Robin","Birds","Passerine birds","NotListed","NotListed","Petroica goodenovii"
"59",10545,"Artamus superciliosus","White-browed Woodswallow","Birds","Passerine birds","NotListed","NotListed","Artamus superciliosus"
"60",10384,"Petroica rosea","Rose Robin","Birds","Passerine birds","NotListed","NotListed","Petroica rosea"
"61",62956,"Eulamprus tympanum tympanum","Southern Water Skink","Reptiles","Reptiles","NotListed","NotListed","Eulamprus tympanum"
"62",10544,"Artamus personatus","Masked Woodswallow","Birds","Passerine birds","NotListed","NotListed","Artamus personatus"
"63",10405,"Pachycephala olivacea","Olive Whistler","Birds","Passerine birds","NotListed","NotListed","Pachycephala olivacea"
"64",12957,"Eulamprus heatwolei","Yellow-bellied Water Skink","Reptiles","Reptiles","NotListed","NotListed","Eulamprus heatwolei"
"65",10383,"Petroica rodinogaster","Pink Robin","Birds","Passerine birds","NotListed","NotListed","Petroica rodinogaster"
"66",11263,"Macropus fuliginosus","Western Grey Kangaroo","Mammals","Mammals","NotListed","NotListed","Macropus fuliginosus"
"67",10546,"Artamus cinereus","Black-faced Woodswallow","Birds","Passerine birds","NotListed","NotListed","Artamus cinereus"
"68",10306,"Neophema chrysostoma","Blue-winged Parrot","Birds","Other Non-passerine birds","NotListed","NotListed","Neophema chrysostoma"
"69",10403,"Pachycephala inornata","Gilbert's Whistler","Birds","Passerine birds","NotListed","NotListed","Pachycephala inornata"
"70",11261,"Macropus rufogriseus","Red-necked Wallaby","Mammals","Mammals","NotListed","NotListed","Macropus rufogriseus"
"71",10543,"Artamus leucorynchus","White-breasted Woodswallow","Birds","Passerine birds","NotListed","NotListed","Artamus leucoryn"
"72",11275,"Macropus rufus","Red Kangaroo","Mammals","Mammals","NotListed","NotListed","Macropus rufus"
"73",10143,"Charadrius ruficapillus","Red-capped Plover","Birds","Waders","NotListed","NotListed","Charadrius ruficapillus"
"74",10140,"Charadrius bicinctus","Double-banded Plover","Birds","Waders","NotListed","NotListed","Charadrius bicinctus"
"75",10307,"Neophema elegans","Elegant Parrot","Birds","Other Non-passerine birds","Victoria","Vulnerable","Neophema elegans"
"76",10141,"Charadrius leschenaultii","Greater Sand Plover","Birds","Waders","Australia","Vulnerable","Charadrius leschenaultii"
"77",10139,"Charadrius mongolus","Lesser Sand Plover","Birds","Waders","Australia","Endangered","Charadrius mongolus"
"78",12557,"Eulamprus quoyii","Eastern Water Skink","Reptiles","Reptiles","NotListed","NotListed","Eulamprus quoyii"
"79",10145,"Peltohyas australis","Inland Dotterel","Birds","Other Non-passerine birds","Victoria","Vulnerable","Peltohyas australis"
"80",10954,"Corvus mellori","Little Raven","Birds","Passerine birds","NotListed","NotListed","Corvus mellori"
"81",10930,"Corvus coronoides","Australian Raven","Birds","Passerine birds","NotListed","NotListed","Corvus coronoides"
"82",10424,"Coracina novaehollandiae","Black-faced Cuckoo-shrike","Birds","Passerine birds","NotListed","NotListed","Coracina novaehollandiae"
"83",10634,"Manorina melanocephala","Noisy Miner","Birds","Passerine birds","NotListed","NotListed","Manorina melanocephala"
"84",10529,"Malurus cyaneus","Superb Fairy-wren","Birds","Passerine birds","NotListed","NotListed","Malurus cyaneus"
"85",10631,"Phylidonyris novaehollandiae","New Holland Honeyeater","Birds","Passerine birds","NotListed","NotListed","Phylidonyris novaehollandiae"
"86",10189,"Ardea pacifica","White-necked Heron","Birds","Other Non-passerine birds","NotListed","NotListed","Ardea pacifica"
"87",11379,"Vespadelus vulturnus","Little Forest Bat","Mammals","Bats","NotListed","NotListed","Vespadelus vulturnus"
"88",11378,"Vespadelus regulus","Southern Forest Bat","Mammals","Bats","NotListed","NotListed","Vespadelus regulus"
"89",10208,"Anas superciliosa","Pacific Black Duck","Birds","Other Non-passerine birds","NotListed","NotListed","Anas superciliosa"
"90",10211,"Anas gracilis","Grey Teal","Birds","Other Non-passerine birds","NotListed","NotListed","Anas gracilis"
"91",10977,"Ardea ibis","Cattle Egret","Birds","Other Non-passerine birds","NotListed","NotListed","Bubulcus ibis"
"92",12580,"Tiliqua scincoides","Common Blue-tongued Lizard","Reptiles","Reptiles","NotListed","NotListed","Tiliqua scincoides"
"93",11381,"Vespadelus darlingtoni","Large Forest Bat","Mammals","Bats","NotListed","NotListed","Vespadelus darlingtoni"
"94",10096,"Phalacrocorax carbo","Great Cormorant","Birds","Other Non-passerine birds","NotListed","NotListed","Phalacrocorax carbo"
"95",12578,"Tiliqua nigrolutea","Blotched Blue-tongued Lizard","Reptiles","Reptiles","NotListed","NotListed","Tiliqua nigrolutea"
"96",10425,"Coracina papuensis","White-bellied Cuckoo-shrike","Birds","Passerine birds","NotListed","NotListed","Coracina papuensis"
"97",62430,"Liopholis whitii GROUP","White's Skink","Reptiles","Reptiles","NotListed","NotListed","Liopholis whitii"
"98",10210,"Anas castanea","Chestnut Teal","Birds","Other Non-passerine birds","NotListed","NotListed","Anas castanea"
"99",10097,"Phalacrocorax sulcirostris","Little Black Cormorant","Birds","Other Non-passerine birds","NotListed","NotListed","Phalacrocorax sulcirostris"
"100",12583,"Tiliqua rugosa","Stumpy-tailed Lizard","Reptiles","Reptiles","NotListed","NotListed","Tiliqua rugosa"
"101",10868,"Corvus tasmanicus","Forest Raven","Birds","Passerine birds","NotListed","NotListed","Corvus tasmanicus"
"102",11028,"Antechinus agilis","Agile Antechinus","Mammals","Mammals","NotListed","NotListed","Antechinus agilis"
"103",10594,"Phylidonyris albifrons","White-fronted Honeyeater","Birds","Passerine birds","NotListed","NotListed","Purnella albifrons"
"104",10212,"Spatula rhynchotis","Australasian Shoveler","Birds","Other Non-passerine birds","Victoria","Vulnerable","Spatula rhynchotis"
"105",10593,"Phylidonyris melanops","Tawny-crowned Honeyeater","Birds","Passerine birds","NotListed","NotListed","Gliciphila melanops"
"106",11033,"Antechinus swainsonii","Dusky Antechinus","Mammals","Mammals","NotListed","NotListed","Antechinus swainsonii"
"107",10633,"Manorina melanophrys","Bell Miner","Birds","Passerine birds","NotListed","NotListed","Manorina melanophrys"
"108",10635,"Manorina flavigula","Yellow-throated Miner","Birds","Passerine birds","NotListed","NotListed","Manorina flavigula"
"109",12160,"Delma inornata","Olive Legless Lizard","Reptiles","Reptiles","NotListed","NotListed","Delma inornata"
"110",10630,"Phylidonyris pyrrhoptera","Crescent Honeyeater","Birds","Passerine birds","NotListed","NotListed","Phylidonyris pyrrhopterus"
"111",12588,"Ramphotyphlops bituberculatus","Peters's Blind Snake","Reptiles","Reptiles","NotListed","NotListed","Anilios bituberculatus"
"112",10500,"Calamanthus fuliginosus","Striated Fieldwren","Birds","Passerine birds","NotListed","NotListed","Calamanthus fuliginosus"
"113",12724,"Parasuta nigriceps","Mitchell's Short-tailed Snake","Reptiles","Reptiles","NotListed","NotListed","Suta nigriceps"
"114",12727,"Parasuta flagellum","Little Whip Snake","Reptiles","Reptiles","NotListed","NotListed","Suta flagellum"
"115",10499,"Calamanthus cautus","Shy Heathwren","Birds","Passerine birds","NotListed","NotListed","Calamanthus cautus"
"116",12154,"Delma australis","Southern Legless Lizard","Reptiles","Reptiles","NotListed","NotListed","Delma australis"
"117",10429,"Coracina tenuirostris","Common Cicadabird","Birds","Passerine birds","NotListed","NotListed","Edolisoma tenuirostre"
"118",10099,"Phalacrocorax varius","Pied Cormorant","Birds","Other Non-passerine birds","NotListed","NotListed","Phalacrocorax varius"
"119",12586,"Ramphotyphlops bicolor","West Australian Dark-spined Blind Snake","Reptiles","Reptiles","NotListed","NotListed","Anilios bicolor"
"120",13158,"Uperoleia laevigata","Smooth Toadlet","Amphibians","Amphibians","NotListed","NotListed","Uperoleia laevigata"
"121",10532,"Malurus splendens","Splendid Fairy-wren","Birds","Passerine birds","NotListed","NotListed","Malurus splendens"
"122",10691,"Corvus bennetti","Little Crow","Birds","Passerine birds","NotListed","NotListed","Corvus bennetti"
"123",12167,"Delma butleri","Butler's Legless Lizard","Reptiles","Reptiles","NotListed","NotListed","Delma butleri"
"124",11027,"Antechinus flavipes","Yellow-footed Antechinus","Mammals","Mammals","NotListed","NotListed","Antechinus flavipes"
"125",12143,"Aprasia inaurita","Pink-nosed Worm-Lizard","Reptiles","Reptiles","NotListed","NotListed","Aprasia inaurita"
"126",11819,"Vespadelus baverstocki","Inland Forest Bat","Mammals","Bats","NotListed","NotListed","Vespadelus baverstocki"
"127",12413,"Liopholis inornata","Desert Skink","Reptiles","Reptiles","NotListed","NotListed","Liopholis inornata"
"128",10536,"Malurus lamberti","Variegated Fairy-wren","Birds","Passerine birds","NotListed","NotListed","Malurus lamberti"
"129",10535,"Malurus leucopterus","White-winged Fairy-wren","Birds","Passerine birds","NotListed","NotListed","Malurus leucopterus"
"130",12599,"Ramphotyphlops nigrescens","Gray's Blind Snake","Reptiles","Reptiles","NotListed","NotListed","Anilios nigrescens"
"131",12726,"Parasuta dwyeri","Dwyer's Snake","Reptiles","Reptiles","NotListed","NotListed","Suta dwyeri"
"132",10502,"Calamanthus campestris","Rufous Fieldwren","Birds","Passerine birds","NotListed","NotListed","Calamanthus campestris"
"133",10098,"Phalacrocorax fuscescens","Black-faced Cormorant","Birds","Other Non-passerine birds","NotListed","NotListed","Phalacrocorax fuscescens"
"134",13931,"Uperoleia tyleri","Tyler's Toadlet","Amphibians","Amphibians","NotListed","NotListed","Uperoleia tyleri"
"135",12433,"Liopholis montana","Mountain Skink","Reptiles","Reptiles","Australia","Endangered","Liopholis montana"
"136",12579,"Tiliqua occipitalis","Western Blue-tongued Lizard","Reptiles","Reptiles","NotListed","NotListed","Tiliqua occipitalis"
"137",12603,"Ramphotyphlops proximus","Woodland Blind Snake","Reptiles","Reptiles","NotListed","NotListed","Anilios proximus"
"138",12993,"Pseudemoia pagenstecheri (Volcanic Plains)","Tussock Skink","Reptiles","Reptiles","Victoria","Endangered","Pseudemoia pagenstecheri"
"139",12683,"Pseudemoia rawlinsoni","Glossy Grass Skink","Reptiles","Reptiles","Victoria","Endangered","Pseudemoia rawlinsoni"
"140",19008,"Ctenotus olympicus","Saltbush Striped Skink","Reptiles","Reptiles","Victoria","Critically Endangered","Ctenotus olympicus"
"141",10269,"Cacatua galerita","Sulphur-crested Cockatoo","Birds","Other Non-passerine birds","NotListed","NotListed","Cacatua galerita"
"142",10705,"Cracticus tibicen","Australian Magpie","Birds","Passerine birds","NotListed","NotListed","Gymnorhina tibicen"
"143",10342,"Chrysococcyx basalis","Horsfield's Bronze-Cuckoo","Birds","Other Non-passerine birds","NotListed","NotListed","Chalcites basalis"
"144",10364,"Rhipidura leucophrys","Willie Wagtail","Birds","Passerine birds","NotListed","NotListed","Rhipidura leucophrys"
"145",10702,"Cracticus torquatus","Grey Butcherbird","Birds","Passerine birds","NotListed","NotListed","Cracticus torquatus"
"146",10337,"Cacomantis pallidus","Pallid Cuckoo","Birds","Other Non-passerine birds","NotListed","NotListed","Heteroscenes pallidus"
"147",10638,"Anthochaera carunculata","Red Wattlebird","Birds","Passerine birds","NotListed","NotListed","Anthochaera carunculata"
"148",13134,"Crinia signifera","Common Froglet","Amphibians","Amphibians","NotListed","NotListed","Crinia signifera"
"149",10578,"Melithreptus lunatus","White-naped Honeyeater","Birds","Passerine birds","NotListed","NotListed","Melithreptus lunatus"
"150",10338,"Cacomantis flabelliformis","Fan-tailed Cuckoo","Birds","Other Non-passerine birds","NotListed","NotListed","Cacomantis flabelliformis"
"151",10361,"Rhipidura albiscapa","Grey Fantail","Birds","Passerine birds","NotListed","NotListed","Rhipidura albiscapa"
"152",10271,"Cacatua sanguinea","Little Corella","Birds","Other Non-passerine birds","NotListed","NotListed","Cacatua sanguinea"
"153",10272,"Cacatua tenuirostris","Long-billed Corella","Birds","Other Non-passerine birds","NotListed","NotListed","Cacatua tenuirostris"
"154",10221,"Accipiter fasciatus","Brown Goshawk","Birds","Other Non-passerine birds","NotListed","NotListed","Accipiter fasciatus"
"155",11335,"Nyctophilus geoffroyi","Lesser Long-eared Bat","Mammals","Bats","NotListed","NotListed","Nyctophilus geoffroyi"
"156",10249,"Tyto javanica","Pacific Barn Owl","Birds","Other Non-passerine birds","NotListed","NotListed","Tyto alba"
"157",10448,"Epthianura albifrons","White-fronted Chat","Birds","Passerine birds","NotListed","NotListed","Epthianura albifrons"
"158",10344,"Chrysococcyx lucidus","Shining Bronze-Cuckoo","Birds","Other Non-passerine birds","NotListed","NotListed","Chalcites lucidus"
"159",10188,"Egretta novaehollandiae","White-faced Heron","Birds","Other Non-passerine birds","NotListed","NotListed","Egretta novaehollandiae"
"160",10258,"Glossopsitta concinna","Musk Lorikeet","Birds","Other Non-passerine birds","NotListed","NotListed","Glossopsitta concinna"
"161",10369,"Myiagra inquieta","Restless Flycatcher","Birds","Passerine birds","NotListed","NotListed","Myiagra inquieta"
"162",10222,"Accipiter cirrhocephalus","Collared Sparrowhawk","Birds","Other Non-passerine birds","NotListed","NotListed","Accipiter cirrocephalus"
"163",10583,"Melithreptus brevirostris","Brown-headed Honeyeater","Birds","Passerine birds","NotListed","NotListed","Melithreptus brevirostris"
"164",10009,"Coturnix pectoralis","Stubble Quail","Birds","Other Non-passerine birds","NotListed","NotListed","Coturnix pectoralis"
"165",10242,"Ninox novaeseelandiae","Southern Boobook","Birds","Other Non-passerine birds","NotListed","NotListed","Ninox novaeseelandiae"
"166",10366,"Myiagra cyanoleuca","Satin Flycatcher","Birds","Passerine birds","NotListed","NotListed","Myiagra cyanoleuca"
"167",60555,"Climacteris picumnus victoriae","Brown Treecreeper (south-eastern ssp.)","Birds","Passerine birds","NotListed","NotListed","Climacteris picumnus"
"168",11334,"Nyctophilus gouldi","Gould's Long-eared Bat","Mammals","Bats","NotListed","NotListed","Nyctophilus gouldi"
"169",10014,"Turnix varia","Painted Button-quail","Birds","Other Non-passerine birds","NotListed","NotListed","Turnix varius"
"170",11808,"Mormopterus sp. 4","Southern Freetail Bat","Mammals","Bats","NotListed","NotListed","Mormopterus planiceps"
"171",12475,"Lerista bougainvillii","Bougainville's Skink","Reptiles","Reptiles","NotListed","NotListed","Lerista bougainvillii"
"172",13131,"Crinia parinsignifera","Plains Froglet","Amphibians","Amphibians","NotListed","NotListed","Crinia parinsignifera"
"173",10339,"Cacomantis variolosus","Brush Cuckoo","Birds","Other Non-passerine birds","NotListed","NotListed","Cacomantis variolosus"
"174",62938,"Egernia saxatilis intermedia","Black Rock Skink","Reptiles","Reptiles","NotListed","NotListed","Egernia saxatilis"
"175",10365,"Myiagra rubecula","Leaden Flycatcher","Birds","Passerine birds","NotListed","NotListed","Myiagra rubecula"
"176",10362,"Rhipidura rufifrons","Rufous Fantail","Birds","Passerine birds","NotListed","NotListed","Rhipidura rufifrons"
"177",10700,"Cracticus nigrogularis","Pied Butcherbird","Birds","Passerine birds","NotListed","NotListed","Cracticus nigrogularis"
"178",12526,"Morethia boulengeri","Boulenger's Skink","Reptiles","Reptiles","NotListed","NotListed","Morethia boulengeri"
"179",11138,"Petaurus breviceps","Sugar Glider","Mammals","Mammals","NotListed","NotListed","Petaurus breviceps"
"180",12194,"Amphibolurus muricatus","Tree Dragon","Reptiles","Reptiles","NotListed","NotListed","Amphibolurus muricatus"
"181",10260,"Glossopsitta pusilla","Little Lorikeet","Birds","Other Non-passerine birds","NotListed","NotListed","Glossopsitta pusilla"
"182",11364,"Scotorepens balstoni","Inland Broad-nosed Bat","Mammals","Bats","NotListed","NotListed","Scotorepens balstoni"
"183",10010,"Coturnix ypsilophora australis","Brown Quail","Birds","Other Non-passerine birds","NotListed","NotListed","Synoicus ypsilophorus"
"184",12077,"Diplodactylus vittatus","Wood Gecko","Reptiles","Reptiles","NotListed","NotListed","Diplodactylus vittatus"
"185",10030,"Geopelia striata","Peaceful Dove","Birds","Other Non-passerine birds","NotListed","NotListed","Geopelia striata"
"186",11839,"Mormopterus sp. 2","Eastern Freetail Bat","Mammals","Bats","NotListed","NotListed","Mormopterus norfolkensis"
"187",10560,"Climacteris erythrops","Red-browed Treecreeper","Birds","Passerine birds","NotListed","NotListed","Climacteris erythrops"
"188",10267,"Calyptorhynchus funereus","Yellow-tailed Black-Cockatoo","Birds","Other Non-passerine birds","NotListed","NotListed","Zanda funerea"
"189",10453,"Gerygone olivacea","White-throated Gerygone","Birds","Passerine birds","NotListed","NotListed","Gerygone olivacea"
"190",12283,"Varanus varius","Lace Monitor","Reptiles","Reptiles","Victoria","Endangered","Varanus varius"
"191",12182,"Rankinia diemensis","Mountain Dragon","Reptiles","Reptiles","NotListed","NotListed","Rankinia diemensis"
"192",10445,"Pomatostomus superciliosus","White-browed Babbler","Birds","Passerine birds","NotListed","NotListed","Pomatostomus superciliosus"
"193",10463,"Gerygone fusca","Western Gerygone","Birds","Passerine birds","NotListed","NotListed","Gerygone fusca"
"194",10049,"Porzana fluminea","Australian Spotted Crake","Birds","Other Non-passerine birds","NotListed","NotListed","Porzana fluminea"
"195",10259,"Glossopsitta porphyrocephala","Purple-crowned Lorikeet","Birds","Other Non-passerine birds","NotListed","NotListed","Glossopsitta porphyrocephala"
"196",10637,"Anthochaera chrysoptera","Little Wattlebird","Birds","Passerine birds","NotListed","NotListed","Anthochaera chrysoptera"
"197",12271,"Varanus gouldii","Sand Goanna","Reptiles","Reptiles","NotListed","NotListed","Varanus gouldii"
"198",11811,"Scotorepens orion","Eastern Broad-nosed Bat","Mammals","Bats","NotListed","NotListed","Scotorepens orion"
"199",12408,"Egernia cunninghami","Cunningham's Skink","Reptiles","Reptiles","NotListed","NotListed","Egernia cunninghami"
"200",10449,"Epthianura tricolor","Crimson Chat","Birds","Passerine birds","NotListed","NotListed","Epthianura tricolor"
"201",10341,"Chrysococcyx osculans","Black-eared Cuckoo","Birds","Other Non-passerine birds","NotListed","NotListed","Chalcites osculans"
"202",12529,"Morethia obscura","Obscure Skink","Reptiles","Reptiles","NotListed","NotListed","Morethia obscura"
"203",11136,"Petaurus australisÂ australis","Yellow-bellied Glider","Mammals","Mammals","Australia","Vulnerable","Petaurus australis"
"204",12109,"Diplodactylus damaeus","Beaded Gecko","Reptiles","Reptiles","NotListed","NotListed","Lucasium damaeum"
"205",19000,"Amphibolurus nobbi","Nobbi Dragon","Reptiles","Reptiles","NotListed","NotListed","Diporiphora nobbi"
"206",10580,"Melithreptus gularis","Black-chinned Honeyeater","Birds","Passerine birds","NotListed","NotListed","Melithreptus gularis"
"207",12429,"Egernia striolata","Tree Skink","Reptiles","Reptiles","NotListed","NotListed","Egernia striolata"
"208",10446,"Pomatostomus ruficeps","Chestnut-crowned Babbler","Birds","Passerine birds","NotListed","NotListed","Pomatostomus ruficeps"
"209",12499,"Lerista punctatovittata","Spotted Burrowing Skink","Reptiles","Reptiles","NotListed","NotListed","Lerista punctatovittata"
"210",13120,"Pseudophryne dendyi","Dendy's Toadlet","Amphibians","Amphibians","NotListed","NotListed","Pseudophryne dendyi"
"211",10450,"Epthianura aurifrons","Orange Chat","Birds","Passerine birds","NotListed","NotListed","Epthianura aurifrons"
"212",10454,"Gerygone mouki","Brown Gerygone","Birds","Passerine birds","NotListed","NotListed","Gerygone mouki"
"213",13135,"Crinia sloanei","Sloane's Froglet","Amphibians","Amphibians","Australia","Endangered","Crinia sloanei"
"214",12209,"Amphibolurus norrisi","Norris's Dragon","Reptiles","Reptiles","NotListed","NotListed","Amphibolurus norrisi"
"215",12076,"Diplodactylus tessellatus","Tessellated Gecko","Reptiles","Reptiles","NotListed","NotListed","Diplodactylus tessellatus"
"216",10051,"Porzana tabuensis","Spotless Crake","Birds","Other Non-passerine birds","NotListed","NotListed","Zapornia tabuensis"
"217",10018,"Turnix velox","Little Button-quail","Birds","Other Non-passerine birds","NotListed","NotListed","Turnix velox"
"218",11809,"Mormopterus sp. 3","Inland Freetail Bat","Mammals","Bats","NotListed","NotListed","Ozimops petersi"
"219",10158,"Tringa nebularia","Common Greenshank","Birds","Waders","Victoria","Endangered","Tringa nebularia"
"220",10159,"Tringa stagnatilis","Marsh Sandpiper","Birds","Waders","Victoria","Endangered","Tringa stagnatilis"
"221",10191,"Egretta sacra","Eastern Reef Egret","Birds","Other Non-passerine birds","NotListed","NotListed","Egretta sacra"
"222",10032,"Geopelia humeralis","Bar-shouldered Dove","Birds","Other Non-passerine birds","NotListed","NotListed","Geopelia humeralis"
"223",63941,"Rankinia diemensis (Grampians)","Mountain Dragon Grampians form","Reptiles","Reptiles","Victoria","Critically Endangered","Rankinia diemensis"
"224",11072,"Sminthopsis crassicaudata","Fat-tailed Dunnart","Mammals","Mammals","Victoria","Vulnerable","Sminthopsis crassicaudata"
"225",11151,"Cercartetus concinnus minor","Western Pygmy-possum","Mammals","Mammals","NotListed","NotListed","Cercartetus concinnus"
"226",11061,"Sminthopsis murina murina","Common Dunnart","Mammals","Mammals","Victoria","Vulnerable","Sminthopsis murina"
"227",11457,"Pseudomys apodemoides","Silky Mouse","Mammals","Mammals","NotListed","NotListed","Pseudomys apodemoides"
"228",11362,"Scotorepens greyii","Little Broad-nosed Bat","Mammals","Bats","NotListed","NotListed","Scotorepens greyii"
"229",10282,"Platycercus elegans","Crimson Rosella","Birds","Other Non-passerine birds","NotListed","NotListed","Platycercus elegans"
"230",10359,"Petrochelidon nigricans","Tree Martin","Birds","Passerine birds","NotListed","NotListed","Petrochelidon nigricans"
"231",10976,"Pardalotus striatus","Striated Pardalote","Birds","Passerine birds","NotListed","NotListed","Pardalotus striatus"
"232",10565,"Pardalotus punctatus punctatus","Spotted Pardalote","Birds","Passerine birds","NotListed","NotListed","Pardalotus punctatus"
"233",10697,"Strepera versicolor","Grey Currawong","Birds","Passerine birds","NotListed","NotListed","Strepera versicolor"
"234",10694,"Strepera graculina","Pied Currawong","Birds","Passerine birds","NotListed","NotListed","Strepera graculina"
"235",10288,"Platycercus eximius","Eastern Rosella","Birds","Other Non-passerine birds","NotListed","NotListed","Platycercus eximius"
"236",11349,"Chalinolobus gouldii","Gould's Wattled Bat","Mammals","Bats","NotListed","NotListed","Chalinolobus gouldii"
"237",12699,"Pseudonaja textilis","Eastern Brown Snake","Reptiles","Reptiles","NotListed","NotListed","Pseudonaja textilis"
"238",10034,"Phaps chalcoptera","Common Bronzewing","Birds","Other Non-passerine birds","NotListed","NotListed","Phaps chalcoptera"
"239",10509,"Cincloramphus mathewsi","Rufous Songlark","Birds","Passerine birds","NotListed","NotListed","Cincloramphus mathewsi"
"240",10295,"Psephotus haematonotus","Red-rumped Parrot","Birds","Other Non-passerine birds","NotListed","NotListed","Psephotus haematonotus"
"241",12451,"Lampropholis guichenoti","Garden Skink","Reptiles","Reptiles","NotListed","NotListed","Lampropholis guichenoti"
"242",10180,"Threskiornis spinicollis","Straw-necked Ibis","Birds","Other Non-passerine birds","NotListed","NotListed","Threskiornis spinicollis"
"243",10133,"Vanellus miles","Masked Lapwing","Birds","Waders","NotListed","NotListed","Vanellus miles"
"244",10488,"Sericornis frontalis","White-browed Scrubwren","Birds","Passerine birds","NotListed","NotListed","Sericornis frontalis"
"245",11351,"Chalinolobus morio","Chocolate Wattled Bat","Mammals","Bats","NotListed","NotListed","Chalinolobus morio"
"246",10508,"Cincloramphus cruralis","Brown Songlark","Birds","Passerine birds","NotListed","NotListed","Cincloramphus cruralis"
"247",11113,"Trichosurus vulpecula","Common Brushtail Possum","Mammals","Mammals","NotListed","NotListed","Trichosurus vulpecula"
"248",10360,"Petrochelidon ariel","Fairy Martin","Birds","Passerine birds","NotListed","NotListed","Petrochelidon ariel"
"249",10179,"Threskiornis molucca","Australian White Ibis","Birds","Other Non-passerine birds","NotListed","NotListed","Threskiornis moluccus"
"250",10326,"Todiramphus sanctus","Sacred Kingfisher","Birds","Other Non-passerine birds","NotListed","NotListed","Todiramphus sanctus"
"251",10646,"Philemon citreogularis","Little Friarbird","Birds","Passerine birds","NotListed","NotListed","Philemon citreogularis"
"252",10182,"Platalea flavipes","Yellow-billed Spoonbill","Birds","Other Non-passerine birds","NotListed","NotListed","Platalea flavipes"
"253",10645,"Philemon corniculatus","Noisy Friarbird","Birds","Passerine birds","NotListed","NotListed","Philemon corniculatus"
"254",10254,"Trichoglossus haematodus","Rainbow Lorikeet","Birds","Other Non-passerine birds","NotListed","NotListed","Trichoglossus haematodus"
"255",10219,"Circus approximans","Swamp Harrier","Birds","Other Non-passerine birds","NotListed","NotListed","Circus approximans"
"256",12682,"Acritoscincus duperreyi","Eastern Three-lined Skink","Reptiles","Reptiles","NotListed","NotListed","Acritoscincus duperreyi"
"257",10035,"Phaps elegans","Brush Bronzewing","Birds","Other Non-passerine birds","NotListed","NotListed","Phaps elegans"
"258",12973,"Austrelaps superbus","Lowland Copperhead","Reptiles","Reptiles","NotListed","NotListed","Austrelaps superbus"
"259",10135,"Vanellus tricolor","Banded Lapwing","Birds","Waders","NotListed","NotListed","Vanellus tricolor"
"260",12450,"Lampropholis delicata","Delicate Skink","Reptiles","Reptiles","NotListed","NotListed","Lampropholis delicata"
"261",10653,"Taeniopygia guttata","Zebra Finch","Birds","Passerine birds","NotListed","NotListed","Taeniopygia guttata"
"262",13033,"Geocrinia victoriana","Victorian Smooth Froglet","Amphibians","Amphibians","NotListed","NotListed","Geocrinia victoriana"
"263",12177,"Pogona barbata","Bearded Dragon","Reptiles","Reptiles","Victoria","Vulnerable","Pogona barbata"
"264",10679,"Ptilonorhynchus violaceus","Satin Bowerbird","Birds","Passerine birds","NotListed","NotListed","Ptilonorhynchus violaceus"
"265",12665,"Drysdalia coronoides","White-lipped Snake","Reptiles","Reptiles","NotListed","NotListed","Drysdalia coronoides"
"266",12458,"Niveoscincus coventryi","Coventry's Skink","Reptiles","Reptiles","NotListed","NotListed","Carinascincus coventryi"
"267",11115,"Trichosurus cunninghami","Mountain Brushtail Possum","Mammals","Mammals","NotListed","NotListed","Trichosurus cunninghami"
"268",12972,"Austrelaps ramsayi","Highland Copperhead","Reptiles","Reptiles","NotListed","NotListed","Austrelaps ramsayi"
"269",11395,"Rattus fuscipes","Bush Rat","Mammals","Mammals","NotListed","NotListed","Rattus fuscipes"
"270",10181,"Platalea regia","Royal Spoonbill","Birds","Other Non-passerine birds","NotListed","NotListed","Platalea regia"
"271",10436,"Cinclosoma punctatum","Spotted Quail-thrush","Birds","Passerine birds","NotListed","NotListed","Cinclosoma punctatum"
"272",10330,"Eurostopodus mystacalis","White-throated Nightjar","Birds","Other Non-passerine birds","NotListed","NotListed","Eurostopodus mystacalis"
"273",11398,"Rattus lutreolus","Swamp Rat","Mammals","Mammals","NotListed","NotListed","Rattus lutreolus"
"274",10296,"Psephotus varius","Mulga Parrot","Birds","Other Non-passerine birds","NotListed","NotListed","Psephotellus varius"
"275",12441,"Hemiergis decresiensis","Three-toed Skink","Reptiles","Reptiles","NotListed","NotListed","Hemiergis decresiensis"
"276",12204,"Pogona vitticeps","Central Bearded Dragon","Reptiles","Reptiles","NotListed","NotListed","Pogona vitticeps"
"277",12174,"Pygopus lepidopodus","Common Scaly-foot","Reptiles","Reptiles","NotListed","NotListed","Pygopus lepidopodus"
"278",12199,"Ctenophorus pictus","Painted Dragon","Reptiles","Reptiles","NotListed","NotListed","Ctenophorus pictus"
"279",12185,"Ctenophorus fordi","Mallee Dragon","Reptiles","Reptiles","NotListed","NotListed","Ctenophorus fordi"
"280",10331,"Eurostopodus argus","Spotted Nightjar","Birds","Other Non-passerine birds","NotListed","NotListed","Eurostopodus argus"
"281",10526,"Stipiturus malachurus","Southern Emu-wren","Birds","Passerine birds","NotListed","NotListed","Stipiturus malachurus"
"282",10650,"Stagonopleura bella","Beautiful Firetail","Birds","Passerine birds","NotListed","NotListed","Stagonopleura bella"
"283",10325,"Todiramphus pyrropygia pyrropygia","Red-backed Kingfisher","Birds","Other Non-passerine birds","NotListed","NotListed","Todiramphus pyrrhopygius"
"284",10218,"Circus assimilis","Spotted Harrier","Birds","Other Non-passerine birds","NotListed","NotListed","Circus assimilis"
"285",10494,"Sericornis magnirostris","Large-billed Scrubwren","Birds","Passerine birds","NotListed","NotListed","Sericornis magnirostra"
"286",12698,"Pseudonaja aspidorhyncha","Patch-nosed Brown Snake","Reptiles","Reptiles","NotListed","NotListed","Pseudonaja aspidorhyncha"
"287",12462,"Niveoscincus metallicus","Metallic Skink","Reptiles","Reptiles","NotListed","NotListed","Carinascincus metallicus"
"288",5134,"Chelodina longicollis","Eastern Snake-necked Turtle","Reptiles","Reptiles","NotListed","NotListed","Chelodina longicollis"
"289",13029,"Geocrinia laevis","Southern Smooth Froglet","Amphibians","Amphibians","NotListed","NotListed","Geocrinia laevis"
"290",12464,"Acritoscincus platynotus","Red-throated Skink","Reptiles","Reptiles","NotListed","NotListed","Acritoscincus platynotus"
"291",10655,"Taeniopygia bichenovii","Double-barred Finch","Birds","Passerine birds","NotListed","NotListed","Taeniopygia bichenovii"
"292",10981,"Larus dominicanus","Kelp Gull","Birds","Waders","NotListed","NotListed","Larus dominicanus"
"293",10437,"Cinclosoma castanotus","Chestnut Quail-thrush","Birds","Passerine birds","NotListed","NotListed","Cinclosoma castanotum"
"294",10149,"Numenius madagascariensis","Eastern Curlew","Birds","Waders","Australia","Critically Endangered","Numenius madagascariensis"
"295",10109,"Chlidonias leucopterus","White-winged Black Tern","Birds","Waders","NotListed","NotListed","Chlidonias leucopterus"
"296",10130,"Haematopus longirostris","Pied Oystercatcher","Birds","Waders","NotListed","NotListed","Haematopus longirostris"
"297",10110,"Chlidonias hybridus javanicus","Whiskered Tern","Birds","Waders","NotListed","NotListed","Chlidonias hybrida"
"298",12446,"Hemiergis peronii","Four-toed Skink","Reptiles","Reptiles","NotListed","NotListed","Hemiergis peronii"
"299",10150,"Numenius phaeopus","Whimbrel","Birds","Waders","Victoria","Endangered","Numenius phaeopus"
"300",10137,"Pluvialis fulva","Pacific Golden Plover","Birds","Waders","Victoria","Vulnerable","Pluvialis fulva"
"301",60126,"Larus pacificus pacificus","Pacific Gull","Birds","Waders","NotListed","NotListed","Larus pacificus"
"302",10131,"Haematopus fuliginosus","Sooty Oystercatcher","Birds","Waders","NotListed","NotListed","Haematopus fuliginosus"
"303",10136,"Pluvialis squatarola","Grey Plover","Birds","Waders","Victoria","Vulnerable","Pluvialis squatarola"
"304",10256,"Trichoglossus chlorolepidotus","Scaly-breasted Lorikeet","Birds","Other Non-passerine birds","NotListed","NotListed","Trichoglossus chlorolepidotus"
"305",10357,"Hirundo neoxena","Welcome Swallow","Birds","Passerine birds","NotListed","NotListed","Hirundo neoxena"
"306",10273,"Eolophus roseicapillus","Galah","Birds","Other Non-passerine birds","NotListed","NotListed","Eolophus roseicapilla"
"307",10313,"Podargus strigoides","Tawny Frogmouth","Birds","Other Non-passerine birds","NotListed","NotListed","Podargus strigoides"
"308",10043,"Ocyphaps lophotes","Crested Pigeon","Birds","Other Non-passerine birds","NotListed","NotListed","Ocyphaps lophotes"
"309",10408,"Colluricincla harmonica","Grey Shrike-thrush","Birds","Passerine birds","NotListed","NotListed","Colluricincla harmonica"
"310",10415,"Grallina cyanoleuca","Magpie-lark","Birds","Passerine birds","NotListed","NotListed","Grallina cyanoleuca"
"311",10574,"Zosterops lateralis","Silvereye","Birds","Passerine birds","NotListed","NotListed","Zosterops lateralis"
"312",10322,"Dacelo novaeguineae","Laughing Kookaburra","Birds","Other Non-passerine birds","NotListed","NotListed","Dacelo novaeguineae"
"313",11324,"Tadarida australis","White-striped Freetail Bat","Mammals","Bats","NotListed","NotListed","Austronomus australis"
"314",10202,"Chenonetta jubata","Australian Wood Duck","Birds","Other Non-passerine birds","NotListed","NotListed","Chenonetta jubata"
"315",10232,"Elanus axillaris","Black-shouldered Kite","Birds","Other Non-passerine birds","NotListed","NotListed","Elanus axillaris"
"316",10224,"Aquila audax","Wedge-tailed Eagle","Birds","Other Non-passerine birds","NotListed","NotListed","Aquila audax"
"317",10662,"Neochmia temporalis","Red-browed Finch","Birds","Passerine birds","NotListed","NotListed","Neochmia temporalis"
"318",10549,"Daphoenositta chrysoptera","Varied Sittella","Birds","Passerine birds","NotListed","NotListed","Daphoenositta chrysoptera"
"319",12681,"Notechis scutatus","Tiger Snake","Reptiles","Reptiles","NotListed","NotListed","Notechis scutatus"
"320",10647,"Anthus novaeseelandiae","Australasian Pipit","Birds","Passerine birds","NotListed","NotListed","Anthus novaeseelandiae"
"321",10591,"Acanthorhynchus tenuirostris","Eastern Spinebill","Birds","Passerine birds","NotListed","NotListed","Acanthorhynchus tenuirostris"
"322",10693,"Corcorax melanorhamphos","White-winged Chough","Birds","Passerine birds","NotListed","NotListed","Corcorax melanorhamphos"
"323",10377,"Microeca fascinans","Jacky Winter","Birds","Passerine birds","NotListed","NotListed","Microeca fascinans"
"324",10416,"Falcunculus frontatus","Crested Shrike-tit","Birds","Passerine birds","NotListed","NotListed","Falcunculus frontatus"
"325",10225,"Hieraaetus morphnoides","Little Eagle","Birds","Other Non-passerine birds","Victoria","Vulnerable","Hieraaetus morphnoides"
"326",10671,"Oriolus sagittatus","Olive-backed Oriole","Birds","Passerine birds","NotListed","NotListed","Oriolus sagittatus"
"327",10564,"Dicaeum hirundinaceum","Mistletoebird","Birds","Passerine birds","NotListed","NotListed","Dicaeum hirundinaceum"
"328",10317,"Aegotheles cristatus","Australian Owlet-nightjar","Birds","Other Non-passerine birds","NotListed","NotListed","Aegotheles cristatus"
"329",10059,"Fulica atra","Eurasian Coot","Birds","Other Non-passerine birds","NotListed","NotListed","Fulica atra"
"330",10228,"Haliastur sphenurus","Whistling Kite","Birds","Other Non-passerine birds","NotListed","NotListed","Haliastur sphenurus"
"331",11003,"Tachyglossus aculeatus","Short-beaked Echidna","Mammals","Mammals","NotListed","NotListed","Tachyglossus aculeatus"
"332",10392,"Eopsaltria australis","Eastern Yellow Robin","Birds","Passerine birds","NotListed","NotListed","Eopsaltria australis"
"333",11242,"Wallabia bicolor","Black Wallaby","Mammals","Mammals","NotListed","NotListed","Wallabia bicolor"
"334",10058,"Porphyrio porphyrio","Purple Swamphen","Birds","Other Non-passerine birds","NotListed","NotListed","Porphyrio porphyrio"
"335",10281,"Alisterus scapularis","Australian King-Parrot","Birds","Other Non-passerine birds","NotListed","NotListed","Alisterus scapularis"
"336",10430,"Lalage sueurii","White-winged Triller","Birds","Passerine birds","NotListed","NotListed","Lalage sueurii"
"337",10056,"Gallinula tenebrosa","Dusky Moorhen","Birds","Other Non-passerine birds","NotListed","NotListed","Gallinula tenebrosa"
"338",12693,"Pseudechis porphyriacus","Red-bellied Black Snake","Reptiles","Reptiles","NotListed","NotListed","Pseudechis porphyriacus"
"339",10329,"Merops ornatus","Rainbow Bee-eater","Birds","Other Non-passerine birds","NotListed","NotListed","Merops ornatus"
"340",10274,"Nymphicus hollandicus","Cockatiel","Birds","Other Non-passerine birds","NotListed","NotListed","Nymphicus hollandicus"
"341",10100,"Microcarbo melanoleucos","Little Pied Cormorant","Birds","Other Non-passerine birds","NotListed","NotListed","Microcarbo melanoleucos"
"342",10055,"Tribonyx ventralis","Black-tailed Native-hen","Birds","Other Non-passerine birds","NotListed","NotListed","Tribonyx ventralis"
"343",10640,"Acanthagenys rufogularis","Spiny-cheeked Honeyeater","Birds","Passerine birds","NotListed","NotListed","Acanthagenys rufogularis"
"344",10203,"Cygnus atratus","Black Swan","Birds","Other Non-passerine birds","NotListed","NotListed","Cygnus atratus"
"345",10001,"Dromaius novaehollandiae","Emu","Birds","Other Non-passerine birds","NotListed","NotListed","Dromaius novaehollandiae"
"346",10558,"Cormobates leucophaeus","White-throated Treecreeper","Birds","Passerine birds","NotListed","NotListed","Cormobates leucophaea"
"347",10524,"Acrocephalus stentoreus","Clamorous Reed Warbler","Birds","Passerine birds","NotListed","NotListed","Acrocephalus stentoreus"
"348",10358,"Cheramoeca leucosternus","White-backed Swallow","Birds","Passerine birds","NotListed","NotListed","Cheramoeca leucosterna"
"349",10335,"Apus pacificus","Fork-tailed Swift","Birds","Other Non-passerine birds","NotListed","NotListed","Apus pacificus"
"350",10648,"Mirafra javanica","Horsfield's Bushlark","Birds","Passerine birds","NotListed","NotListed","Mirafra javanica"
"351",11129,"Pseudocheirus peregrinus","Common Ringtail Possum","Mammals","Mammals","NotListed","NotListed","Pseudocheirus peregrinus"
"352",10334,"Hirundapus caudacutus","White-throated Needletail","Birds","Other Non-passerine birds","Australia","Vulnerable","Hirundapus caudacutus"
"353",10229,"Milvus migrans","Black Kite","Birds","Other Non-passerine birds","NotListed","NotListed","Milvus migrans"
"354",10144,"Elseyornis melanops","Black-fronted Dotterel","Birds","Waders","NotListed","NotListed","Elseyornis melanops"
"355",11162,"Phascolarctos cinereus","Koala","Mammals","Mammals","NotListed","NotListed","Phascolarctos cinereus"
"356",10062,"Poliocephalus poliocephalus","Hoary-headed Grebe","Birds","Other Non-passerine birds","NotListed","NotListed","Poliocephalus poliocephalus"
"357",12444,"Anepischtos maccoyi","McCoy's Skink","Reptiles","Reptiles","NotListed","NotListed","Anepischetosia maccoyi"
"358",10466,"Aphelocephala leucopsis","Southern Whiteface","Birds","Passerine birds","NotListed","NotListed","Aphelocephala leucopsis"
"359",10044,"Leucosarcia melanoleuca","Wonga Pigeon","Birds","Other Non-passerine birds","NotListed","NotListed","Leucosarcia melanoleuca"
"360",11165,"Vombatus ursinus","Common Wombat","Mammals","Mammals","NotListed","NotListed","Vombatus ursinus"
"361",12452,"Saproscincus mustelinus","Weasel Skink","Reptiles","Reptiles","NotListed","NotListed","Saproscincus mustelinus"
"362",11372,"Falsistrellus tasmaniensis","Eastern False Pipistrelle","Mammals","Bats","NotListed","NotListed","Falsistrellus tasmaniensis"
"363",10641,"Entomyzon cyanotis","Blue-faced Honeyeater","Birds","Passerine birds","NotListed","NotListed","Entomyzon cyanotis"
"364",10465,"Smicrornis brevirostris","Weebill","Birds","Passerine birds","NotListed","NotListed","Smicrornis brevirostris"
"365",10310,"Melopsittacus undulatus","Budgerigar","Birds","Other Non-passerine birds","NotListed","NotListed","Melopsittacus undulatus"
"366",10101,"Anhinga novaehollandiae","Darter","Birds","Other Non-passerine birds","NotListed","NotListed","Anhinga novaehollandiae"
"367",10522,"Megalurus gramineus","Little Grassbird","Birds","Passerine birds","NotListed","NotListed","Poodytes gramineus"
"368",10106,"Pelecanus conspicillatus","Australian Pelican","Birds","Other Non-passerine birds","NotListed","NotListed","Pelecanus conspicillatus"
"369",10207,"Tadorna tadornoides","Australian Shelduck","Birds","Other Non-passerine birds","NotListed","NotListed","Tadorna tadornoides"
"370",10213,"Malacorhynchus membranaceus","Pink-eared Duck","Birds","Other Non-passerine birds","NotListed","NotListed","Malacorhynchus membranaceus"
"371",10350,"Menura novaehollandiae","Superb Lyrebird","Birds","Passerine birds","NotListed","NotListed","Menura novaehollandiae"
"372",5136,"Ornithorhynchus anatinus","Platypus","Mammals","Mammals","Victoria","Vulnerable","Ornithorhynchus anatinus"
"373",10268,"Callocephalon fimbriatum","Gang-gang Cockatoo","Birds","Other Non-passerine birds","Australia","Endangered","Callocephalon fimbriatum"
"374",10215,"Aythya australis","Hardhead","Birds","Other Non-passerine birds","NotListed","NotListed","Aythya australis"
"375",10421,"Psophodes olivaceus","Eastern Whipbird","Birds","Passerine birds","NotListed","NotListed","Psophodes olivaceus"
"376",12519,"Menetia greyii","Grey's Skink","Reptiles","Reptiles","NotListed","NotListed","Menetia greyii"
"377",10605,"Meliphaga lewinii","Lewin's Honeyeater","Birds","Passerine birds","NotListed","NotListed","Meliphaga lewinii"
"378",12650,"Rhinoplocephalus nigrescens","Eastern Small-eyed Snake","Reptiles","Reptiles","NotListed","NotListed","Cryptophis nigrescens"
"379",12126,"Christinus marmoratus","Marbled Gecko","Reptiles","Reptiles","NotListed","NotListed","Christinus marmoratus"
"380",10318,"Eurystomus orientalis","Dollarbird","Birds","Other Non-passerine birds","NotListed","NotListed","Eurystomus orientalis"
"381",11147,"Acrobates pygmaeus","Feathertail Glider","Mammals","Mammals","NotListed","NotListed","Acrobates pygmaeus"
"382",12326,"Cryptoblepharus pannosus","Carnaby's Wall Skink","Reptiles","Reptiles","NotListed","NotListed","Cryptoblepharus pannosus"
"383",10125,"Chroicocephalus novaehollandiae","Silver Gull","Birds","Waders","NotListed","NotListed","Larus novaehollandiae"
"384",10205,"Dendrocygna eytoni","Plumed Whistling-Duck","Birds","Other Non-passerine birds","NotListed","NotListed","Dendrocygna eytoni"
"385",10779,"Zoothera lunulata","Bassian Thrush","Birds","Passerine birds","NotListed","NotListed","Zoothera lunulata"
"386",10148,"Recurvirostra novaehollandiae","Red-necked Avocet","Birds","Waders","NotListed","NotListed","Recurvirostra novaehollandiae"
"387",10506,"Pycnoptilus floccosus","Pilotbird","Birds","Passerine birds","Australia","Vulnerable","Pycnoptilus floccosus"
"388",10525,"Cisticola exilis","Golden-headed Cisticola","Birds","Passerine birds","NotListed","NotListed","Cisticola exilis"
"389",10585,"Plectorhyncha lanceolata","Striped Honeyeater","Birds","Passerine birds","NotListed","NotListed","Plectorhyncha lanceolata"
"390",11415,"Hydromys chrysogaster","Water Rat","Mammals","Mammals","NotListed","NotListed","Hydromys chrysogaster"
"391",10192,"Nycticorax caledonicus hillii","Nankeen Night Heron","Birds","Other Non-passerine birds","NotListed","NotListed","Nycticorax caledonicus"
"392",11097,"Perameles nasuta","Long-nosed Bandicoot","Mammals","Mammals","NotListed","NotListed","Perameles nasuta"
"393",10297,"Northiella haematogaster","Blue Bonnet","Birds","Other Non-passerine birds","NotListed","NotListed","Northiella haematogaster"
"394",12138,"Underwoodisaurus milii","Thick-tailed Barking Gecko","Reptiles","Reptiles","NotListed","NotListed","Underwoodisaurus milii"
"395",10373,"Monarcha melanopsis","Black-faced Monarch","Birds","Passerine birds","NotListed","NotListed","Monarcha melanopsis"
"396",10198,"Cereopsis novaehollandiae","Cape Barren Goose","Birds","Other Non-passerine birds","NotListed","NotListed","Cereopsis novaehollandiae"
"397",12059,"Strophurus intermedius","Southern Spiny-tailed Gecko","Reptiles","Reptiles","NotListed","NotListed","Strophurus intermedius"
"398",10441,"Drymodes brunneopygia","Southern Scrub-robin","Birds","Passerine birds","NotListed","NotListed","Drymodes brunneopygia"
"399",10589,"Sugamel niger","Black Honeyeater","Birds","Passerine birds","NotListed","NotListed","Sugomel nigrum"
"400",62919,"Intellagama lesueurii howittii","Gippsland Water Dragon","Reptiles","Reptiles","NotListed","NotListed","Intellagama lesueurii"
"401",10168,"Gallinago hardwickii","Latham's Snipe","Birds","Other Non-passerine birds","NotListed","NotListed","Gallinago hardwickii"
"402",10217,"Biziura lobata","Musk Duck","Birds","Other Non-passerine birds","Victoria","Vulnerable","Biziura lobata"
"403",10046,"Gallirallus philippensis","Buff-banded Rail","Birds","Other Non-passerine birds","NotListed","NotListed","Hypotaenidia philippensis"
"404",10586,"Myzomela sanguinolenta","Scarlet Honeyeater","Birds","Passerine birds","NotListed","NotListed","Myzomela sanguinolenta"
"405",10178,"Plegadis falcinellus","Glossy Ibis","Birds","Other Non-passerine birds","NotListed","NotListed","Plegadis falcinellus"
"406",12170,"Lialis burtonis","Burton's Snake-Lizard","Reptiles","Reptiles","NotListed","NotListed","Lialis burtonis"
"407",13103,"Paracrinia haswelli","Haswell's Froglet","Amphibians","Amphibians","NotListed","NotListed","Paracrinia haswelli"
"408",12318,"Carlia tetradactyla","Southern Rainbow Skink","Reptiles","Reptiles","NotListed","NotListed","Carlia tetradactyla"
"409",10147,"Cladorhynchus leucocephalus","Banded Stilt","Birds","Waders","NotListed","NotListed","Cladorhynchus leucocephalus"
"410",11133,"Petauroides volans","Greater Glider","Mammals","Mammals","Australia","Endangered","Petauroides volans"
"411",12092,"Gehyra variegata","Tree Dtella","Reptiles","Reptiles","NotListed","NotListed","Gehyra variegata"
"412",10061,"Tachybaptus novaehollandiae","Australasian Grebe","Birds","Other Non-passerine birds","NotListed","NotListed","Tachybaptus novaehollandiae"
"413",11357,"Myotis macropus","Southern Myotis","Mammals","Bats","NotListed","NotListed","Myotis macropus"
"414",10319,"Alcedo azurea","Azure Kingfisher","Birds","Other Non-passerine birds","NotListed","NotListed","Ceyx azureus"
"415",11055,"Ningaui yvonneae","Mallee Ningaui","Mammals","Mammals","NotListed","NotListed","Ningaui yvonneae"
"416",10157,"Actitis hypoleucos","Common Sandpiper","Birds","Waders","Victoria","Vulnerable","Actitis hypoleucos"
"417",12655,"Demansia psammophis","Yellow-faced Whip Snake","Reptiles","Reptiles","NotListed","NotListed","Demansia psammophis"
"418",10173,"Stiltia isabella","Australian Pratincole","Birds","Other Non-passerine birds","NotListed","NotListed","Stiltia isabella"
"419",11480,"Notomys mitchelli","Mitchell's Hopping-mouse","Mammals","Mammals","NotListed","NotListed","Notomys mitchellii"
"420",10348,"Scythrops novaehollandiae","Channel-billed Cuckoo","Birds","Other Non-passerine birds","NotListed","NotListed","Scythrops novaehollandiae"
"421",12722,"Suta suta","Curl Snake","Reptiles","Reptiles","NotListed","NotListed","Suta suta"
"422",13125,"Pseudophryne semimarmorata","Southern Toadlet","Amphibians","Amphibians","Victoria","Endangered","Pseudophryne semimarmorata"
"423",12105,"Heteronotia binoei","Bynoe's Gecko","Reptiles","Reptiles","NotListed","NotListed","Heteronotia binoei"
"424",10934,"Philomachus pugnax","Ruff","Birds","Waders","NotListed","NotListed","Calidris pugnax"
"425",10114,"Sterna striata","White-fronted Tern","Birds","Waders","NotListed","NotListed","Sterna striata"
"426",10153,"Limosa lapponica","Bar-tailed Godwit","Birds","Waders","Australia","Vulnerable","Limosa lapponica"
"427",10513,"Amytornis striatus striatus","Striated Grasswren","Birds","Passerine birds","NotListed","NotListed","Amytornis striatus"
"428",10132,"Erythrogonys cinctus","Red-kneed Dotterel","Birds","Waders","NotListed","NotListed","Erythrogonys cinctus"
"429",10028,"Columba leucomela","White-headed Pigeon","Birds","Other Non-passerine birds","NotListed","NotListed","Columba leucomela"
"430",10115,"Thalasseus bergii","Crested Tern","Birds","Waders","NotListed","NotListed","Thalasseus bergii"
"431",10129,"Arenaria interpres","Ruddy Turnstone","Birds","Waders","Victoria","Endangered","Arenaria interpres"
"432",10347,"Eudynamys orientalis","Eastern Koel","Birds","Other Non-passerine birds","NotListed","NotListed","Eudynamys orientalis"
"433",10673,"Dicrurus bracteatus","Spangled Drongo","Birds","Passerine birds","NotListed","NotListed","Dicrurus bracteatus"
"434",10060,"Podiceps cristatus","Great Crested Grebe","Birds","Other Non-passerine birds","NotListed","NotListed","Podiceps cristatus"
"435",5135,"Emydura macquarii","Murray River Turtle","Reptiles","Reptiles","Victoria","Critically Endangered","Emydura macquarii"
"436",10029,"Macropygia amboinensis","Brown Cuckoo-Dove","Birds","Other Non-passerine birds","NotListed","NotListed","Macropygia amboinensis"
"437",10241,"Pandion cristatus","Osprey","Birds","Other Non-passerine birds","NotListed","NotListed","Pandion haliaetus"
"438",10193,"Butorides striatus","Striated Heron","Birds","Other Non-passerine birds","NotListed","NotListed","Butorides striata"
"439",528551,"Litoria dentata","Keferstein's Tree Frog","Amphibians","Amphibians","Victoria","Critically Endangered","Litoria dentata"
"440",10652,"Stagonopleura guttata","Diamond Firetail","Birds","Passerine birds","Victoria","Vulnerable","Stagonopleura guttata"
"441",10050,"Porzana pusilla palustris","Baillon's Crake","Birds","Other Non-passerine birds","NotListed","NotListed","Zapornia pusilla"
"442",10187,"Ardea alba modesta","Eastern Great Egret","Birds","Other Non-passerine birds","Victoria","Vulnerable","Ardea alba"
"443",13207,"Litoria raniformis","Growling Grass Frog","Amphibians","Amphibians","Victoria","Vulnerable","Litoria raniformis"
"444",10177,"Antigone rubicunda","Brolga","Birds","Other Non-passerine birds","Victoria","Endangered","Antigone rubicunda"
"445",10385,"Melanodryas cucullata","Hooded Robin","Birds","Passerine birds","Victoria","Vulnerable","Melanodryas cucullata"
"446",10045,"Lewinia pectoralis","Lewin's Rail","Birds","Other Non-passerine birds","Victoria","Vulnerable","Lewinia pectoralis"
"447",10216,"Oxyura australis","Blue-billed Duck","Birds","Other Non-passerine birds","Victoria","Vulnerable","Oxyura australis"
"448",10675,"Struthidea cinerea","Apostlebird","Birds","Passerine birds","Victoria","Vulnerable","Struthidea cinerea"
"449",10186,"Ardea intermedia plumifera","Intermediate Egret","Birds","Other Non-passerine birds","Victoria","Critically Endangered","Ardea intermedia"
"450",10031,"Geopelia cuneata","Diamond Dove","Birds","Other Non-passerine birds","Victoria","Vulnerable","Geopelia cuneata"
"451",10220,"Accipiter novaehollandiae","Grey Goshawk","Birds","Other Non-passerine birds","Victoria","Endangered","Accipiter novaehollandiae"
"452",12159,"Delma impar","Striped Legless Lizard","Reptiles","Reptiles","Victoria","Endangered","Delma impar"
"453",62969,"Morelia spilota metcalfei","Carpet Python","Reptiles","Reptiles","Victoria","Endangered","Morelia spilota"
"454",10270,"Lophocroa leadbeateri","Major Mitchell's Cockatoo","Birds","Other Non-passerine birds","Victoria","Critically Endangered","Cacatua leadbeateri"
"455",10248,"Ninox strenua","Powerful Owl","Birds","Other Non-passerine birds","Victoria","Vulnerable","Ninox strenua"
"456",10174,"Burhinus grallarius","Bush Stone-curlew","Birds","Other Non-passerine birds","Victoria","Critically Endangered","Burhinus grallarius"
"457",10598,"Grantiella picta","Painted Honeyeater","Birds","Passerine birds","Australia","Vulnerable","Grantiella picta"
"458",61092,"Isoodon obesulus obesulus","Southern Brown Bandicoot","Mammals","Mammals","Australia","Endangered","Isoodon obesulus"
"459",10214,"Stictonetta naevosa","Freckled Duck","Birds","Other Non-passerine birds","Victoria","Endangered","Stictonetta naevosa"
"460",10443,"Pomatostomus temporalis","Grey-crowned Babbler","Birds","Passerine birds","Victoria","Vulnerable","Pomatostomus temporalis"
"461",10007,"Leipoa ocellata","Malleefowl","Birds","Other Non-passerine birds","Victoria","Vulnerable","Leipoa ocellata"
"462",11017,"Phascogale tapoatafa","Brush-tailed Phascogale","Mammals","Mammals","Victoria","Vulnerable","Phascogale tapoatafa"
"463",10185,"Egretta garzetta nigripes","Little Egret","Birds","Other Non-passerine birds","Victoria","Endangered","Egretta garzetta"
"464",12734,"Vermicella annulata","Bandy Bandy","Reptiles","Reptiles","Victoria","Endangered","Vermicella annulata"
"465",10482,"Acanthiza iredalei hedleyi","Slender-billed Thornbill","Birds","Passerine birds","Victoria","Endangered","Acanthiza iredalei"
"466",61342,"Miniopterus orianae oceanensis","Common Bent-wing Bat (eastern ssp.)","Mammals","Bats","Victoria","Critically Endangered","Miniopterus schreibersii"
"467",10230,"Lophoictinia isura","Square-tailed Kite","Birds","Other Non-passerine birds","Victoria","Vulnerable","Lophoictinia isura"
"468",10111,"Gelochelidon nilotica macrotarsa","Gull-billed Tern","Birds","Waders","Victoria","Endangered","Gelochelidon nilotica"
"469",10199,"Anseranas semipalmata","Magpie Goose","Birds","Other Non-passerine birds","Victoria","Vulnerable","Anseranas semipalmata"
"470",10498,"Calamanthus pyrrhopygius","Chestnut-rumped Heathwren","Birds","Passerine birds","Victoria","Vulnerable","Calamanthus pyrrhopygius"
"471",11175,"Potorous tridactylus trisulcatus","Long-nosed Potoroo","Mammals","Mammals","Australia","Vulnerable","Potorous tridactylus"
"472",13060,"Limnodynastes interioris","Giant Bullfrog","Amphibians","Amphibians","Victoria","Endangered","Limnodynastes interioris"
"473",11069,"Sminthopsis leucopus","White-footed Dunnart","Mammals","Mammals","Victoria","Vulnerable","Sminthopsis leucopus"
"474",10419,"Oreoica gutturalis","Crested Bellbird","Birds","Passerine birds","Victoria","Endangered","Oreoica gutturalis"
"475",10504,"Pyrrholaemus sagittatus","Speckled Warbler","Birds","Passerine birds","Victoria","Endangered","Pyrrholaemus sagittatus"
"476",10561,"Climacteris affinis","White-browed Treecreeper","Birds","Passerine birds","Victoria","Endangered","Climacteris affinis"
"477",10197,"Botaurus poiciloptilus","Australasian Bittern","Birds","Other Non-passerine birds","Victoria","Critically Endangered","Botaurus poiciloptilus"
"478",10253,"Tyto tenebricosa","Sooty Owl","Birds","Other Non-passerine birds","Victoria","Endangered","Tyto tenebricosa"
"479",10246,"Ninox connivens","Barking Owl","Birds","Other Non-passerine birds","Victoria","Critically Endangered","Ninox connivens"
"480",13117,"Pseudophryne bibronii","Brown Toadlet","Amphibians","Amphibians","Victoria","Endangered","Pseudophryne bibronii"
"481",10226,"Haliaeetus leucogaster","White-bellied Sea-Eagle","Birds","Other Non-passerine birds","Victoria","Endangered","Haliaeetus leucogaster"
"482",61332,"Nyctophilus corbeni","South-eastern Long-eared Bat","Mammals","Bats","Victoria","Endangered","Nyctophilus corbeni"
"483",10278,"Polytelis anthopeplus monarchoides","Regent Parrot","Birds","Other Non-passerine birds","Victoria","Vulnerable","Polytelis anthopeplus"
"484",11179,"Potorous longipes","Long-footed Potoroo","Mammals","Mammals","Australia","Endangered","Potorous longipes"
"485",10170,"Rostratula australis","Australian Painted Snipe","Birds","Other Non-passerine birds","Victoria","Critically Endangered","Rostratula australis"
"486",12287,"Varanus rosenbergi","Rosenberg's Goanna","Reptiles","Reptiles","Victoria","Critically Endangered","Varanus rosenbergi"
"487",11008,"Dasyurus maculatus maculatus","Spot-tailed Quoll","Mammals","Mammals","Victoria","Endangered","Dasyurus maculatus"
"488",11303,"Rhinolophus megaphyllus megaphyllus","Eastern Horseshoe Bat","Mammals","Bats","Victoria","Endangered","Rhinolophus megaphyllus"
"489",10309,"Lathamus discolor","Swift Parrot","Birds","Other Non-passerine birds","Australia","Critically Endangered","Lathamus discolor"
"490",10264,"Calyptorhynchus banksii graptogyne","Red-tailed Black-Cockatoo","Birds","Other Non-passerine birds","Victoria","Endangered","Calyptorhynchus banksii"
"491",11458,"Pseudomys fumeus","Smoky Mouse","Mammals","Mammals","Victoria","Endangered","Pseudomys fumeus"
"492",11137,"Petaurus norfolcensis","Squirrel Glider","Mammals","Mammals","Victoria","Vulnerable","Petaurus norfolcensis"
"493",10277,"Polytelis swainsonii","Superb Parrot","Birds","Other Non-passerine birds","Victoria","Endangered","Polytelis swainsonii"
"494",12525,"Morethia adelaidensis","Samphire Skink","Reptiles","Reptiles","Victoria","Endangered","Morethia adelaidensis"
"495",10302,"Neophema pulchella","Turquoise Parrot","Birds","Other Non-passerine birds","Victoria","Vulnerable","Neophema pulchella"
"496",12666,"Drysdalia mastersii","Masters' Snake","Reptiles","Reptiles","Victoria","Critically Endangered","Drysdalia mastersii"
"497",61343,"Miniopterus orianae bassanii","Common Bent-wing Bat (southern ssp.)","Mammals","Bats","Victoria","Critically Endangered","Miniopterus schreibersii"
"498",10527,"Stipiturus mallee","Mallee Emu-wren","Birds","Passerine birds","Victoria","Endangered","Stipiturus mallee"
"499",12150,"Aprasia striolata","Striped Worm-Lizard","Reptiles","Reptiles","Victoria","Endangered","Aprasia striolata"
"500",61266,"Osphranter robustus robustus","Eastern Wallaroo","Mammals","Mammals","Victoria","Endangered","Macropus robustus"
"501",11468,"Pseudomys shortridgei","Heath Mouse","Mammals","Mammals","Australia","Endangered","Pseudomys shortridgei"
"502",11280,"Pteropus poliocephalus","Grey-headed Flying-fox","Mammals","Bats","Victoria","Vulnerable","Pteropus poliocephalus"
"503",10160,"Xenus cinereus","Terek Sandpiper","Birds","Waders","Victoria","Endangered","Xenus cinereus"
"504",10176,"Ardeotis australis","Australian Bustard","Birds","Other Non-passerine birds","Victoria","Critically Endangered","Ardeotis australis"
"505",11321,"Saccolaimus flaviventris","Yellow-bellied Sheathtail Bat","Mammals","Bats","Victoria","Vulnerable","Saccolaimus flaviventris"
"506",10250,"Tyto novaehollandiae","Masked Owl","Birds","Other Non-passerine birds","Victoria","Critically Endangered","Tyto novaehollandiae"
"507",13151,"Uperoleia rugosa","Rugose Toadlet","Amphibians","Amphibians","Victoria","Endangered","Uperoleia rugosa"
"508",10112,"Hydroprogne caspia","Caspian Tern","Birds","Waders","Victoria","Vulnerable","Hydroprogne caspia"
"509",12492,"Lerista timida","Dwarf Burrowing Skink","Reptiles","Reptiles","Victoria","Endangered","Lerista timida"
"510",12407,"Lissolepis coventryi","Swamp Skink","Reptiles","Reptiles","Victoria","Endangered","Lissolepis coventryi"
"511",12141,"Aprasia aurita","Mallee Worm-Lizard","Reptiles","Reptiles","Victoria","Endangered","Aprasia aurita"
"512",10967,"Manorina melanotis","Black-eared Miner","Birds","Passerine birds","Victoria","Critically Endangered","Manorina melanotis"
"513",12176,"Pygopus schraderi","Hooded Scaly-foot","Reptiles","Reptiles","Victoria","Critically Endangered","Pygopus schraderi"
"514",10402,"Pachycephala rufogularis","Red-lored Whistler","Birds","Passerine birds","Victoria","Vulnerable","Pachycephala rufogularis"
"515",11438,"Mastacomys fuscus mordicus","Broad-toothed Rat","Mammals","Mammals","Australia","Vulnerable","Mastacomys fuscus"
"516",10497,"Pyrrholaemus brunneus","Redthroat","Birds","Passerine birds","Victoria","Endangered","Pyrrholaemus brunneus"
"517",62958,"Eulamprus tympanum marnieae","Corangamite Water Skink","Reptiles","Reptiles","Victoria","Endangered","Eulamprus tympanum"
"518",10165,"Calidris tenuirostris","Great Knot","Birds","Waders","Australia","Critically Endangered","Calidris tenuirostris"
"519",10236,"Falco hypoleucos","Grey Falcon","Birds","Other Non-passerine birds","Australia","Vulnerable","Falco hypoleucos"
"520",10303,"Neophema splendida","Scarlet-chested Parrot","Birds","Other Non-passerine birds","Victoria","Endangered","Neophema splendida"
"521",10265,"Calyptorhynchus lathami","Glossy Black-Cockatoo","Birds","Other Non-passerine birds","Australia","Vulnerable","Calyptorhynchus lathami"
"522",10603,"Anthochaera phrygia","Regent Honeyeater","Birds","Passerine birds","Australia","Critically Endangered","Anthochaera phrygia"
"523",12137,"Rhynchoedura ornata","Beaked Gecko","Reptiles","Reptiles","Victoria","Endangered","Rhynchoedura ornata"
"524",11050,"Planigale gilesi","Gile's Planigale","Mammals","Mammals","Victoria","Vulnerable","Planigale gilesi"
"525",11034,"Antechinus minimus maritimus","Swamp Antechinus","Mammals","Mammals","Australia","Vulnerable","Antechinus minimus"
"526",10521,"Dasyornis broadbenti","Rufous Bristlebird","Birds","Passerine birds","NotListed","NotListed","Dasyornis broadbenti"
"527",10138,"Thinornis cucullatus","Hooded Plover","Birds","Waders","Australia","Vulnerable","Thinornis cucullatus"
"528",12669,"Furina diadema","Red-naped Snake","Reptiles","Reptiles","Victoria","Endangered","Furina diadema"
"529",10311,"Pezoporus wallicus","Ground Parrot","Birds","Other Non-passerine birds","Victoria","Endangered","Pezoporus wallicus"
"530",13936,"Litoria watsoni","Large Brown Tree Frog","Amphibians","Amphibians","Australia","Endangered","Litoria littlejohni"
"531",5133,"Chelodina expansa","Broad-shelled Turtle","Reptiles","Reptiles","Victoria","Endangered","Chelodina expansa"
"532",12992,"Pseudemoia cryodroma","Alpine Bog Skink","Reptiles","Reptiles","Australia","Endangered","Pseudemoia cryodroma"
"533",13042,"Heleioporus australiacus","Giant Burrowing Frog","Amphibians","Amphibians","Victoria","Critically Endangered","Heleioporus australiacus"
"534",63907,"Litoria verreauxii alpina","Alpine Tree Frog","Amphibians","Amphibians","Victoria","Critically Endangered","Litoria verreauxii"
"535",10012,"Synoicus chinensis","King Quail","Birds","Other Non-passerine birds","Victoria","Endangered","Synoicus chinensis"
"536",11141,"Gymnobelideus leadbeateri","Leadbeater's Possum","Mammals","Mammals","Australia","Critically Endangered","Gymnobelideus leadbeateri"
"537",10155,"Tringa brevipes","Grey-tailed Tattler","Birds","Waders","Victoria","Critically Endangered","Tringa brevipes"
"538",62921,"Tympanocryptis petersi","Lined Earless Dragon","Reptiles","Reptiles","Victoria","Endangered","Tympanocryptis petersi"
"539",12813,"Parasuta spectabilis","Port Lincoln Snake","Reptiles","Reptiles","Victoria","Endangered","Suta spectabilis"
"540",11455,"Pseudomys novaehollandiae","New Holland Mouse","Mammals","Mammals","Victoria","Endangered","Pseudomys novaehollandiae"
"541",12550,"Eulamprus kosciuskoi","Alpine Water Skink","Reptiles","Reptiles","Victoria","Endangered","Eulamprus kosciuskoi"
"542",13195,"Litoria spenceri","Spotted Tree Frog","Amphibians","Amphibians","Australia","Critically Endangered","Litoria spenceri"
"543",10117,"Sternula albifrons","Little Tern","Birds","Waders","Victoria","Critically Endangered","Sternula albifrons"
"544",10019,"Turnix pyrrhothorax","Red-chested Button-quail","Birds","Other Non-passerine birds","Victoria","Endangered","Turnix pyrrhothorax"
"545",10020,"Pedionomus torquatus","Plains-wanderer","Birds","Other Non-passerine birds","Australia","Critically Endangered","Pedionomus torquatus"
"546",11156,"Burramys parvus","Mountain Pygmy-possum","Mammals","Mammals","Australia","Endangered","Burramys parvus"
"547",10423,"Coracina maxima","Ground Cuckoo-shrike","Birds","Passerine birds","Victoria","Endangered","Coracina maxima"
"548",60618,"Lichenostomus melanops cassidix","Helmeted Honeyeater","Birds","Passerine birds","Australia","Critically Endangered","Lichenostomus melanops"
"549",62968,"Morelia spilota spilota","Diamond Python","Reptiles","Reptiles","Victoria","Critically Endangered","Morelia spilota"
"550",13930,"Uperoleia martini","Martin's Toadlet","Amphibians","Amphibians","Victoria","Critically Endangered","Uperoleia martini"
"551",12987,"Cyclodomorphus praealtus","Alpine She-oak Skink","Reptiles","Reptiles","Victoria","Critically Endangered","Cyclodomorphus praealtus"
"552",12144,"Aprasia parapulchella","Pink-tailed Worm-Lizard","Reptiles","Reptiles","Victoria","Endangered","Aprasia parapulchella"
"553",10519,"Dasyornis brachypterus","Eastern Bristlebird","Birds","Passerine birds","Victoria","Critically Endangered","Dasyornis brachypterus"
"554",12432,"Liopholis guthega","Guthega Skink","Reptiles","Reptiles","Victoria","Critically Endangered","Liopholis guthega"
"555",13168,"Litoria booroolongensis","Booroolong Tree Frog","Amphibians","Amphibians","Australia","Endangered","Litoria booroolongensis"
"556",10680,"Chlamydera maculata","Spotted Bowerbird","Birds","Passerine birds","Victoria","Extinct","Chlamydera maculata"
"557",11215,"Petrogale penicillata","Brush-tailed Rock-wallaby","Mammals","Mammals","Victoria","Critically Endangered","Petrogale penicillata"
"558",10305,"Neophema chrysogaster","Orange-bellied Parrot","Birds","Other Non-passerine birds","Victoria","Critically Endangered","Neophema chrysogaster"
"559",60196,"Dupetor flavicollis","Black Bittern","Birds","Other Non-passerine birds","Victoria","Endangered","Ixobrychus flavicollis"
"560",12667,"Echiopsis curta","Bardick","Reptiles","Reptiles","Victoria","Endangered","Echiopsis curta"
"561",13106,"Philoria frosti","Baw Baw Frog","Amphibians","Amphibians","Australia","Critically Endangered","Philoria frosti"
"562",12922,"Tympanocryptis pinguicolla","Grassland Earless Dragon","Reptiles","Reptiles","Australia","Critically Endangered","Tympanocryptis pinguicolla"
"563",63940,"Rankinia diemensis (Anglesea)","Mountain Dragon Angelsea form","Reptiles","Reptiles","NotListed","NotListed","Rankinia diemensis"
